{
    "model": "CatBoostRegressor",
    "r2": 0.9087300232054127,
    "rmse": 26458.845306189825,
    "n_features": 85
}